{
  "mean_abs_shap": [
    0.060117991219561004,
    0.020837847199485064,
    0.0038423870534899066,
    0.004503897879652503,
    0.002605286784140241,
    0.000678560315530008,
    0.0,
    0.0006510373805708919,
    0.02882228153878151,
    0.0,
    0.04066630826130233,
    0.03434383089140268,
    0.002542934479118633,
    0.00021213804420215998,
    0.002890548403348606,
    0.005794321974387488,
    0.0,
    0.034192458015960145,
    0.0,
    0.0,
    0.0,
    0.0,
    0.0,
    0.0,
    1.8839305248427805,
    0.09612142642802499,
    0.04264527719403969,
    0.020170779844545593,
    0.02129666238779188,
    0.14861902423426693,
    0.02910578167200845,
    0.08535130276891505,
    0.265138046440607,
    0.010780792456475492,
    0.05265865225116007,
    0.010915201716513532,
    0.11112667265294834,
    0.005721933587706395,
    0.04964083463090449,
    0.029880560985712432,
    0.04444279466851953,
    0.003582670808244594,
    0.06574195472182758,
    0.002555497621136089,
    0.4573310125981235,
    0.0214389397425904,
    0.03369529551919599,
    0.011587542431656354,
    0.006149873418172025,
    0.004195265487425009,
    0.014586146776799041,
    0.01845852237837645,
    0.010160763479163025,
    0.001995877932566415,
    0.0001590324272450732,
    0.003111686015964583,
    0.012398051032348194,
    0.021654504935635574,
    0.0008080304095068174,
    0.0018352891557684493,
    0.0012320434836658083,
    0.0005541617060382195,
    0.004029903749136072,
    0.0019959915451662857,
    0.004432247574318635,
    0.002636895551666708,
    0.006237948165631683,
    0.008756940560702229,
    0.004061803780423791,
    0.0016412256214303031,
    0.0002721899585394401,
    8.83524679085451e-05,
    0.0006849662916284344,
    0.002131649148559756,
    0.0031714541365094346,
    0.003516695822155123,
    0.0018706423682514264,
    0.011855698053257674,
    0.0033438693344397964,
    0.00228439657204285,
    0.014586858968915673,
    0.007537574233005431,
    0.003932078328514038,
    0.001612010762936115,
    0.0025272625633007226,
    0.007819198409562588,
    0.008533227653110464,
    0.005367747625482227
  ],
  "std_shap": [
    0.08979070140077816,
    0.029744075807405453,
    0.007969939062598151,
    0.0080455371417932,
    0.0015759566181794845,
    0.00015692170395503987,
    0.0,
    0.0029432269451140983,
    0.03831788689374436,
    0.0,
    0.06049799111909793,
    0.05718974361420393,
    0.005230251919641301,
    0.00027768400518151076,
    0.0011151698581996882,
    0.002534752075013721,
    0.0,
    0.011467331610407739,
    0.0,
    0.0,
    0.0,
    0.0,
    0.0,
    0.0,
    0.5085482689514926,
    0.03239627922214342,
    0.0227200546323523,
    0.009889096910696076,
    0.01627859008763927,
    0.1188911680139441,
    0.012572364784466031,
    0.09555969616462825,
    0.050991185478996975,
    0.01179969449291447,
    0.05998259272104817,
    0.014123852745487803,
    0.005484562944086874,
    0.005954570656923447,
    0.013599917492653142,
    0.009585360301567158,
    0.021263140971829218,
    0.0044502947619935295,
    0.017687602384048647,
    0.004315144814332326,
    0.06520269527826911,
    0.005305301829879429,
    0.0060019801710404,
    0.005411495161028163,
    0.003773521017029902,
    0.010338152788188478,
    0.004641061432314385,
    0.028684488583540058,
    0.01106547987430538,
    0.002066018567312175,
    0.0002591060817241561,
    0.0033451480001407347,
    0.013392301209489007,
    0.01685048295849621,
    0.0010948441525196223,
    0.0015153979109235871,
    0.000638085253009572,
    0.0006514816952645211,
    0.005889503526673003,
    0.002990960407755014,
    0.0019454440247546083,
    0.0022537038363411857,
    0.005352284784092511,
    0.017004778994804293,
    0.005828100940686322,
    0.0025043660636480305,
    0.0007044027801030053,
    0.0002495494145061704,
    0.0013118374651237528,
    0.003880826472534889,
    0.004116752553886791,
    0.004890554667651541,
    0.0033713057378663615,
    0.015478515802849813,
    0.0059520382993273144,
    0.004068879363052854,
    0.017552330358242763,
    0.008514223449982145,
    0.004168698325854069,
    0.0027118811395177153,
    0.00324488558779753,
    0.010935721742160372,
    0.01053241824892236,
    0.008630338468318436
  ],
  "feature_names": [
    "hour",
    "day_of_week",
    "day_of_month",
    "day_of_year",
    "week_of_year",
    "month",
    "quarter",
    "is_weekend",
    "is_business_hour",
    "season",
    "hour_sin",
    "hour_cos",
    "day_of_week_sin",
    "day_of_week_cos",
    "month_sin",
    "month_cos",
    "is_holiday",
    "days_to_holiday",
    "is_before_holiday",
    "is_after_holiday",
    "is_special_event",
    "holiday_type",
    "is_friday_before_weekend_holiday",
    "is_monday_after_weekend_holiday",
    "load_lag_1h",
    "load_lag_2h",
    "load_lag_3h",
    "load_lag_6h",
    "load_lag_12h",
    "load_lag_24h",
    "load_lag_48h",
    "load_lag_168h",
    "rolling_3h_mean",
    "rolling_3h_std",
    "rolling_3h_min",
    "rolling_3h_max",
    "rolling_6h_mean",
    "rolling_6h_std",
    "rolling_6h_min",
    "rolling_6h_max",
    "rolling_12h_mean",
    "rolling_12h_std",
    "rolling_12h_min",
    "rolling_12h_max",
    "rolling_24h_mean",
    "rolling_24h_std",
    "rolling_24h_min",
    "rolling_24h_max",
    "rolling_168h_mean",
    "rolling_168h_std",
    "rolling_168h_min",
    "rolling_168h_max",
    "temperature",
    "humidity",
    "precipitation",
    "wind_speed",
    "wind_direction",
    "pressure",
    "cloud_cover",
    "hdd",
    "cdd",
    "heat_index",
    "discomfort_index",
    "temp_range_24h",
    "temperature_lag_1h",
    "temperature_lag_3h",
    "temperature_lag_6h",
    "humidity_lag_1h",
    "humidity_lag_3h",
    "humidity_lag_6h",
    "precipitation_lag_1h",
    "precipitation_lag_3h",
    "precipitation_lag_6h",
    "wind_speed_lag_1h",
    "wind_speed_lag_3h",
    "wind_speed_lag_6h",
    "wind_direction_lag_1h",
    "wind_direction_lag_3h",
    "wind_direction_lag_6h",
    "pressure_lag_1h",
    "pressure_lag_3h",
    "pressure_lag_6h",
    "cloud_cover_lag_1h",
    "cloud_cover_lag_3h",
    "cloud_cover_lag_6h",
    "temp_x_hour",
    "temp_x_weekend",
    "humidity_x_temp"
  ]
}